15,testuserid@metalpolis.com,qwe12345,Testuser,2,2018-01-28,system,system,2018-01-28,1,0,0,NULL,Staff,12333434,17,0,0
16,testuserid@metalpolis.com,qwe12345,Testuser,2,2018-01-28,system,system,2018-01-28,1,0,0,NULL,Staff,12333435,18,0,0
17,testuserid@metalpolis.com,qwe12345,Testuser,2,2018-01-28,system,system,2018-01-28,1,0,0,NULL,Staff,12333436,19,0,0
18,testuserid@metalpolis.com,qwe12345,Testuser,2,2018-01-28,system,system,2018-01-28,1,0,0,NULL,Staff,12333437,20,0,0
19,testuserid@metalpolis.com,qwe12345,Testuser,2,2018-01-28,system,system,2018-01-28,1,0,0,NULL,Staff,12333438,21,0,0
20,testuserid@metalpolis.com,qwe12345,Testuser,2,2018-01-28,system,system,2018-01-28,1,0,0,NULL,Staff,12333439,22,0,0
21,testuserid@metalpolis.com,qwe12345,Testuser,2,2018-01-28,system,system,2018-01-28,1,0,0,NULL,Staff,12333440,23,0,0
22,testuserid@metalpolis.com,qwe12345,Testuser,2,2018-01-28,system,system,2018-01-28,1,0,0,NULL,Staff,12333441,24,0,0
23,testuserid@metalpolis.com,qwe12345,Testuser,2,2018-01-28,system,system,2018-01-28,1,0,0,NULL,Staff,12333442,25,0,0
24,testuserid@metalpolis.com,qwe12345,Testuser,2,2018-01-28,system,system,2018-01-28,1,0,0,NULL,Staff,12333443,26,0,0
25,testuserid@metalpolis.com,qwe12345,Testuser,2,2018-01-28,system,system,2018-01-28,1,0,0,NULL,Staff,12333444,27,0,0
26,testuserid@metalpolis.com,qwe12345,Testuser,2,2018-01-28,system,system,2018-01-28,1,0,0,NULL,Staff,12333445,28,0,0
27,testuserid@metalpolis.com,qwe12345,Testuser,2,2018-01-28,system,system,2018-01-28,1,0,0,NULL,Staff,12333446,29,0,0
28,testuserid@metalpolis.com,qwe12345,Testuser,2,2018-01-28,system,system,2018-01-28,1,0,0,NULL,Staff,12333447,30,0,0
29,testuserid@metalpolis.com,qwe12345,Testuser,2,2018-01-28,system,system,2018-01-28,1,0,0,NULL,Staff,12333448,31,0,0
30,testuserid@metalpolis.com,qwe12345,Testuser,2,2018-01-28,system,system,2018-01-28,1,0,0,NULL,Staff,12333449,32,0,0
31,testuserid@metalpolis.com,qwe12345,Testuser,2,2018-01-28,system,system,2018-01-28,1,0,0,NULL,Staff,12333450,33,0,0
32,testuserid@metalpolis.com,qwe12345,Testuser,2,2018-01-28,system,system,2018-01-28,1,0,0,NULL,Staff,12333451,34,0,0
33,testuserid@metalpolis.com,qwe12345,Testuser,2,2018-01-28,system,system,2018-01-28,1,0,0,NULL,Staff,12333452,35,0,0
34,testuserid@metalpolis.com,qwe12345,Testuser,2,2018-01-28,system,system,2018-01-28,1,0,0,NULL,Staff,12333453,36,0,0
35,testuserid@metalpolis.com,qwe12345,Testuser,2,2018-01-28,system,system,2018-01-28,1,0,0,NULL,Staff,12333454,37,0,0
36,testuserid@metalpolis.com,qwe12345,Testuser,2,2018-01-28,system,system,2018-01-28,1,0,0,NULL,Staff,12333455,38,0,0
37,testuserid@metalpolis.com,qwe12345,Testuser,2,2018-01-28,system,system,2018-01-28,1,0,0,NULL,Staff,12333456,39,0,0
38,testuserid@metalpolis.com,qwe12345,Testuser,2,2018-01-28,system,system,2018-01-28,1,0,0,NULL,Staff,12333457,40,0,0
39,testuserid@metalpolis.com,qwe12345,Testuser,2,2018-01-28,system,system,2018-01-28,1,0,0,NULL,Staff,12333458,41,0,0
40,testuserid@metalpolis.com,qwe12345,Testuser,2,2018-01-28,system,system,2018-01-28,1,0,0,NULL,Staff,12333459,42,0,0
41,testuserid@metalpolis.com,qwe12345,Testuser,2,2018-01-28,system,system,2018-01-28,1,0,0,NULL,Staff,12333460,43,0,0
42,testuserid@metalpolis.com,qwe12345,Testuser,2,2018-01-28,system,system,2018-01-28,1,0,0,NULL,Staff,12333461,44,0,0
43,testuserid@metalpolis.com,qwe12345,Testuser,2,2018-01-28,system,system,2018-01-28,1,0,0,NULL,Staff,12333462,45,0,0
44,testuserid@metalpolis.com,qwe12345,Testuser,2,2018-01-28,system,system,2018-01-28,1,0,0,NULL,Staff,12333463,46,0,0
45,testuserid@metalpolis.com,qwe12345,Testuser,2,2018-01-28,system,system,2018-01-28,1,0,0,NULL,Staff,12333464,47,0,0
46,testuserid@metalpolis.com,qwe12345,Testuser,2,2018-01-28,system,system,2018-01-28,1,0,0,NULL,Staff,12333465,48,0,0
47,testuserid@metalpolis.com,qwe12345,Testuser,2,2018-01-28,system,system,2018-01-28,1,0,0,NULL,Staff,12333466,49,0,0
48,testuserid@metalpolis.com,qwe12345,Testuser,2,2018-01-28,system,system,2018-01-28,1,0,0,NULL,Staff,12333467,50,0,0
49,testuserid@metalpolis.com,qwe12345,Testuser,2,2018-01-28,system,system,2018-01-28,1,0,0,NULL,Staff,12333468,51,0,0
50,testuserid@metalpolis.com,qwe12345,Testuser,2,2018-01-28,system,system,2018-01-28,1,0,0,NULL,Staff,12333469,52,0,0
51,testuserid@metalpolis.com,qwe12345,Testuser,2,2018-01-28,system,system,2018-01-28,1,0,0,NULL,Staff,12333470,53,0,0
52,testuserid@metalpolis.com,qwe12345,Testuser,2,2018-01-28,system,system,2018-01-28,1,0,0,NULL,Staff,12333471,54,0,0
53,testuserid@metalpolis.com,qwe12345,Testuser,2,2018-01-28,system,system,2018-01-28,1,0,0,NULL,Staff,12333472,55,0,0
54,testuserid@metalpolis.com,qwe12345,Testuser,2,2018-01-28,system,system,2018-01-28,1,0,0,NULL,Staff,12333473,56,0,0
55,testuserid@metalpolis.com,qwe12345,Testuser,2,2018-01-28,system,system,2018-01-28,1,0,0,NULL,Staff,12333474,57,0,0
56,testuserid@metalpolis.com,qwe12345,Testuser,2,2018-01-28,system,system,2018-01-28,1,0,0,NULL,Staff,12333475,58,0,0
57,testuserid@metalpolis.com,qwe12345,Testuser,2,2018-01-28,system,system,2018-01-28,1,0,0,NULL,Staff,12333476,59,0,0
58,testuserid@metalpolis.com,qwe12345,Testuser,2,2018-01-28,system,system,2018-01-28,1,0,0,NULL,Staff,12333477,60,0,0
59,testuserid@metalpolis.com,qwe12345,Testuser,2,2018-01-28,system,system,2018-01-28,1,0,0,NULL,Staff,12333478,61,0,0
60,testuserid@metalpolis.com,qwe12345,Testuser,2,2018-01-28,system,system,2018-01-28,1,0,0,NULL,Staff,12333479,62,0,0
61,testuserid@metalpolis.com,qwe12345,Testuser,2,2018-01-28,system,system,2018-01-28,1,0,0,NULL,Staff,12333480,63,0,0
62,testuserid@metalpolis.com,qwe12345,Testuser,2,2018-01-28,system,system,2018-01-28,1,0,0,NULL,Staff,12333481,64,0,0
63,testuserid@metalpolis.com,qwe12345,Testuser,2,2018-01-28,system,system,2018-01-28,1,0,0,NULL,Staff,12333482,65,0,0
64,testuserid@metalpolis.com,qwe12345,Testuser,2,2018-01-28,system,system,2018-01-28,1,0,0,NULL,Staff,12333483,66,0,0
65,testuserid@metalpolis.com,qwe12345,Testuser,2,2018-01-28,system,system,2018-01-28,1,0,0,NULL,Staff,12333484,67,0,0
66,testuserid@metalpolis.com,qwe12345,Testuser,2,2018-01-28,system,system,2018-01-28,1,0,0,NULL,Staff,12333485,68,0,0
67,testuserid@metalpolis.com,qwe12345,Testuser,2,2018-01-28,system,system,2018-01-28,1,0,0,NULL,Staff,12333486,69,0,0
68,testuserid@metalpolis.com,qwe12345,Testuser,2,2018-01-28,system,system,2018-01-28,1,0,0,NULL,Staff,12333487,70,0,0
69,testuserid@metalpolis.com,qwe12345,Testuser,2,2018-01-28,system,system,2018-01-28,1,0,0,NULL,Staff,12333488,71,0,0
70,testuserid@metalpolis.com,qwe12345,Testuser,2,2018-01-28,system,system,2018-01-28,1,0,0,NULL,Staff,12333489,72,0,0
